filename,region
" ""РН- ПРОЕКТИРОВАНИЕ ДОБЫЧА"".docx","Не определено"
" АО АВТОВАЗ ТЗ перевозка работников (иностранных граждан) и командированные 2026.pdf","Самарская область"
" УФПС ""ТАТАРСТАН ПОЧТАСЫ"".docx","Татарстан"
"(тенд. спец)Перевозка корпоративных сотрудников — Тендер № 3988068 — ООО _ЭРМАНН_ — B2B-Center.pdf","Не определено"
"АКЦИОНЕРНОЕ ОБЩЕСТВО ""СТРОЙТРАНСНЕФТЕГАЗ"".docx","Не определено"
"АО ""КАЗАНСКИЙ ЖИРОВОЙ КОМБИНАТ"".pdf","Татарстан"
"АО ""МАКФА"".docx","Не определено"
"АО ""НЕВСКИЙ ЭКОЛОГИЧЕСКИЙ ОПЕРАТОР"".docx","Не определено"
"АО ""РОССЕТИ НАУЧНО- ТЕХНИЧЕСКИЙ ЦЕНТР"".docx","Не определено"
"АО ""ТРАНСИНЖСТРОЙ"".pdf","Не определено"
"АО МБ РУС.xlsx","Не определено"
"АО СПАРТАК.docx","Не определено"
"АО ТРЭВЕЛ СТРОЙ.doc","Не определено"
"ГК ПРОДО.pdf","Не определено"
"Деловые линии (Тенедерный отдел).pdf","Не определено"
"Приложение №1 Маршруты оптимизация.xlsx","Не определено"
"ТЗ (1).docx","Не определено"
"Извещение № 3821350 - b2b c.png","Не определено"
"КПО - Егорьевск.pdf","Не определено"
"МЕТРО КЭШ ЭНД КЕРРИ.pdf","Не определено"
"Маршрутный лист Хадасса.xlsx","Не определено"
"ООО ""БАЙОН"".docx","Не определено"
"ООО ""ИНТЕРНЕТ РЕШЕНИЯ"" ОЗОН.xlsx","Не определено"
"ООО ""ЛИТУМ"".xlsx","Не определено"
"ООО ""СДЭК-ГЛОБАЛ"" - ТЗ перевозка работников.docx","Не определено"
"ООО ""СДЭК-ГЛОБАЛ"" - ТЗ_перевозка_работников_Екат_Итоговый вариант.docx","Свердловская область"
"ООО «Экоальянс».pdf","Не определено"
"ООО КАПСТРОЙ.pdf","Не определено"
"ООО РМИ-СТАЛЬ ТЗ на оказание Транспортных услуг 1 (003).docx","Татарстан"
"ПАО Трубная металлургическая компания Приложение_1_к_ТЗ.docx","Не определено"
"ПАО Трубная металлургическая компания.docx","Не определено"
"РМИ СТАЛЬ.xlsx","Не определено"
"РМИ Сталь (еще тз).pdf","Не определено"
"РОСАТОМ - ИЗОПЛИТ.pdf","Не определено"
"СДЭК ГЛОБАЛ ТЗ перевозка работников Видное.docx","Не определено"
"УФПС МОСКОВСКОЙ ОБЛАСТИ.docx","Московская область"
"ФАБЕРЛИК - Перевозка корпоративным транспортом сотрудников (РРЦ Пушкин) — Тендер № 4247840 — Ленинградская область — АО _ФАБЕРЛИК_ — B2B-Center.pdf","Ленинградская область"
"ФГУП «Госкорпорация по ОрВД».docx","Не определено"
"корпоративные автобусные перевозки — Тендер № 3552328 — Москва — АО _ИЭК ХОЛДИНГ_ — B2B-Center.pdf","Москва"
"техническое задание.pdf","Не определено"
